[
  {
    "id": "1",
    "type": "cart-wise",
    "details": {
      "type": "cart-wise",
      "threshold": 100,
      "discount": 10
    }
  },
  {
    "id": "2",
    "type": "product-wise",
    "details": {
      "type": "product-wise",
      "product_id": 1,
      "discount": 20
    }
  },
  {
    "id": "3",
    "type": "bxgy",
    "details": {
      "type": "bxgy",
      "buy_products": [
        {
          "product_id": 1,
          "quantity": 3
        },
        {
          "product_id": 2,
          "quantity": 3
        }
      ],
      "get_products": [
        {
          "product_id": 3,
          "quantity": 1
        }
      ],
      "repition_limit": 2
    }
  }
]